truth,pred,error
53,42.54404085948708,-10.455959140512917
56,43.22161859944883,-12.778381400551169
44,40.81081092654002,-3.1891890734599784
40,43.1598700962657,3.159870096265699
55,45.014879194793345,-9.985120805206655
51,45.378966853582504,-5.621033146417496
40,39.84931888862394,-0.1506811113760591
50,43.99473811092744,-6.005261889072557
45,43.63793276228286,-1.3620672377171417
56,43.873893318448395,-12.126106681551605
24,38.262426647542476,14.262426647542476
48,42.130634186259854,-5.869365813740146
52,42.40482473824263,-9.595175261757369
46,40.77777753983875,-5.222222460161248
39,43.31403666379114,4.314036663791143
45,44.03825436002139,-0.9617456399786093
46,41.66445942359431,-4.335540576405691
45,41.83645463749734,-3.16354536250266
42,41.600534561958355,-0.3994654380416449
54,41.99242113245777,-12.007578867542229
34,45.20001741258417,11.200017412584167
56,45.57091803657635,-10.429081963423648
49,41.30910876197174,-7.690891238028257
42,43.66113697692048,1.6611369769204813
34,41.92209408850861,7.922094088508608
29,43.19300074867899,14.19300074867899
37,43.071514068181166,6.071514068181166
39,42.259912724715385,3.2599127247153845
22,38.574334457943266,16.574334457943266
57,42.417933316454395,-14.582066683545605
53,41.2163928583972,-11.7836071416028
45,41.288463915909105,-3.711536084090895
48,43.986035306693125,-4.013964693306875
48,42.354357495552755,-5.645642504447245
48,43.376651118073454,-4.623348881926546
48,45.31464697363918,-2.685353026360822
24,41.98727820063456,17.987278200634563
37,44.27975086389199,7.279750863891991
55,44.91708039664806,-10.08291960335194
44,41.9243976465508,-2.0756023534491987
46,42.053133292740846,-3.9468667072591543
39,45.03399306729597,6.033993067295967
24,45.04324258674397,21.043242586743972
55,43.331608851096995,-11.668391148903005
50,40.466629567821556,-9.533370432178444
35,43.3685239427895,8.368523942789501
42,42.08728215768778,0.08728215768778114
36,40.75737009557681,4.75737009557681
53,42.18687052832688,-10.813129471673122
22,37.54547854842721,15.545478548427212
43,41.12077426136174,-1.8792257386382616
39,42.50228137156088,3.5022813715608834
48,42.0627781229168,-5.9372218770832035
29,40.47017243867265,11.470172438672648
22,40.40122217214817,18.401222172148167
51,41.88717986648472,-9.112820133515278
42,44.186909492313156,2.1869094923131556
24,40.365916711600136,16.365916711600136
36,43.81716347396977,7.817163473969771
49,43.89741300715636,-5.102586992843641
40,41.3628110709632,1.3628110709631969
49,41.822693760366555,-7.177306239633445
48,42.38760668709408,-5.6123933129059225
47,43.937154642675424,-3.0628453573245764
49,39.68847145761097,-9.311528542389027
43,44.01223106943187,1.01223106943187
55,42.09474366790556,-12.905256332094439
39,42.68240883898748,3.6824088389874774
37,43.65006122134983,6.65006122134983
47,42.8896842459889,-4.110315754011097
48,40.99667042098899,-7.003329579011009
40,41.830976151257104,1.8309761512571043
37,44.739959763638375,7.739959763638375
55,43.70647146543243,-11.29352853456757
35,40.6620332324047,5.662033232404703
36,39.797974409230676,3.797974409230676
45,42.676587190448174,-2.323412809551826
42,43.54566386780703,1.5456638678070291
22,40.56900499030193,18.569004990301927
53,43.10731239068411,-9.892687609315892
49,41.03181588655722,-7.968184113442781
29,41.83301672583334,12.833016725833339
48,41.517556606402536,-6.482443393597464
44,43.53096746733015,-0.4690325326698499
56,43.32935645095691,-12.670643549043092
43,42.143064932563995,-0.8569350674360052
39,39.879763009002666,0.8797630090026658
37,43.3051397774357,6.3051397774356985
40,43.13419362924212,3.1341936292421195
56,43.744352805852,-12.255647194147997
50,44.51960568557846,-5.480394314421538
40,41.78429741610702,1.784297416107023
43,43.10251024667716,0.1025102466771628
37,41.13563969278378,4.1356396927837835
42,44.2391075372553,2.2391075372553004
55,44.166829812645084,-10.833170187354916
22,39.300308849725454,17.300308849725454
60,43.179312661695874,-16.820687338304126
34,42.97377951223198,8.973779512231978
22,37.02985870447817,15.029858704478173
46,42.491668021012224,-3.5083319789877763
51,43.49808782236526,-7.501912177634743
50,45.97169336262181,-4.0283066373781935
45,40.312623753044704,-4.687376246955296
49,41.96544898164843,-7.034551018351571
53,42.15168699179319,-10.848313008206809
39,41.246640037995,2.2466400379950002
40,43.122304847805786,3.122304847805786
34,42.743870461921915,8.743870461921915
40,42.97125443300018,2.9712544330001833
37,39.26345174550743,2.2634517455074317
22,41.07185093449956,19.071850934499558
39,41.38676847077289,2.3867684707728927
42,43.92729484486853,1.927294844868527
34,43.89441550413171,9.894415504131707
48,44.82468328396752,-3.1753167160324764
48,44.74975496963098,-3.2502450303690225
29,41.14978023810547,12.149780238105471
60,45.356939766554575,-14.643060233445425
44,41.180619230684044,-2.8193807693159556
57,43.29017263884188,-13.70982736115812
39,40.75603639108607,1.7560363910860701
40,43.213854410579394,3.213854410579394
34,39.553699404485464,5.553699404485464
42,41.894819240485475,-0.10518075951452488
36,38.25306114098067,2.2530611409806696
44,41.277745785558274,-2.722254214441726
49,41.287778114249846,-7.712221885750154
52,41.41046501758781,-10.58953498241219
55,41.73298350546085,-13.267016494539149
40,42.18873899909045,2.1887389990904467
45,44.669446539604984,-0.33055346039501643
48,41.43714556563047,-6.562854434369527
45,42.19143871931505,-2.8085612806849483
49,42.23688898800228,-6.763111011997722
37,43.51328414209157,6.513284142091571
42,41.21758665910888,-0.782413340891118
34,40.88408286464247,6.8840828646424725
36,43.944451551199535,7.944451551199535
29,41.03971564101798,12.039715641017978
60,44.98151116149881,-15.018488838501192
60,43.67532321585103,-16.32467678414897
47,41.59295577484051,-5.407044225159488
55,42.10847063589453,-12.891529364105473
46,41.51656938498511,-4.483430615014889
42,43.382363282170445,1.382363282170445
57,42.058162421512804,-14.941837578487196
49,43.85934074553921,-5.140659254460793
22,38.34647647331921,16.346476473319207
34,45.55587694107293,11.555876941072931
44,43.481635166228585,-0.5183648337714146
44,43.45194213835931,-0.548057861640693
56,42.39681205510379,-13.603187944896213
42,41.305334370809916,-0.6946656291900837
56,43.16561170614348,-12.83438829385652
55,43.50444866556555,-11.495551334434452
60,43.814466905368235,-16.185533094631765
47,43.0797116994402,-3.920288300559797
57,44.19022216435552,-12.809777835644482
39,41.16176300312055,2.161763003120548
45,43.606461215326725,-1.3935387846732752
24,39.834750794686315,15.834750794686315
60,44.343263661876875,-15.656736338123125
24,44.06089293312062,20.06089293312062
43,40.37571181635103,-2.6242881836489715
35,38.434525344342404,3.434525344342404
49,40.96933430530389,-8.030665694696111
54,42.53890085503109,-11.461099144968912
39,41.89747179538354,2.897471795383538
35,40.8990357023959,5.899035702395899
56,43.0742119338964,-12.9257880661036
54,43.139337229917544,-10.860662770082456
54,44.11384320873789,-9.88615679126211
22,42.219939410433525,20.219939410433525
52,43.75168246965671,-8.248317530343293
50,42.876827011563336,-7.123172988436664
55,43.40875970377856,-11.591240296221443
53,42.66865340488784,-10.331346595112159
34,40.82453923566196,6.824539235661959
57,41.190955012266315,-15.809044987733685
35,41.27430813545742,6.274308135457417
51,41.88985955117288,-9.110140448827117
39,41.142174062141436,2.142174062141436
54,43.01102804029803,-10.98897195970197
47,44.53115978319399,-2.468840216806008
56,45.84302124057072,-10.156978759429279
60,41.685642275941426,-18.314357724058574
34,39.80379545341232,5.80379545341232
45,41.24730563861024,-3.752694361389757
34,41.06257337993605,7.0625733799360475
49,43.53885684636608,-5.46114315363392
37,38.68287683067629,1.6828768306762925
46,41.49812001711514,-4.501879982884859
48,42.4284457670867,-5.5715542329133
55,44.513276231524934,-10.486723768475066
24,42.906926929981296,18.906926929981296
46,43.61317572952373,-2.386824270476268
45,44.568014937110114,-0.43198506288988625
40,42.778715619471875,2.7787156194718747
55,44.93711689927966,-10.062883100720342
43,42.1347113489855,-0.8652886510145024
43,40.17438817720836,-2.825611822791643
57,41.93917060233845,-15.06082939766155
45,45.02665458419132,0.02665458419131994
24,38.10315210883843,14.10315210883843
40,43.46808288273586,3.4680828827358567
22,43.03875894069263,21.03875894069263
37,41.100287586782066,4.100287586782066
52,43.86292709994454,-8.137072900055458
50,42.50312928249781,-7.4968707175021905
44,43.05272229521348,-0.9472777047865222
48,43.183430475935495,-4.816569524064505
49,41.21750151908338,-7.782498480916622
48,41.22120627118686,-6.778793728813142
35,39.42832449325437,4.428324493254372
39,41.4798286882251,2.4798286882250977
36,42.06480563227508,6.064805632275082
53,39.9218585820408,-13.078141417959202
37,44.17673585374836,7.176735853748362
46,40.68766013230285,-5.312339867697148
45,41.89881129629361,-3.1011887037063914
39,42.01286155101881,3.0128615510188084
43,42.29570762999447,-0.7042923700055326
29,42.94856614161467,13.94856614161467
55,42.46231349453687,-12.537686505463128
39,43.26481472424488,4.264814724244879
34,40.0255758149248,6.0255758149247995
53,43.104905342640336,-9.895094657359664
47,43.663820821117696,-3.336179178882304
49,44.53794353773087,-4.462056462269132
57,44.452489521688584,-12.547510478311416
55,44.20575093935769,-10.794249060642308
55,41.3900456765537,-13.609954323446303
57,43.35766878348573,-13.642331216514272
46,41.129430017170066,-4.8705699828299345
35,44.63239115596892,9.632391155968918
40,40.92538857440676,0.9253885744067603
35,39.70964654583129,4.709646545831291
53,43.54008306894192,-9.459916931058082
43,40.21659130113735,-2.783408698862651
40,38.629884210827626,-1.3701157891723739
45,42.414144645306564,-2.585855354693436
35,41.41632528438536,6.416325284385358
40,44.87591509939234,4.875915099392337
44,41.33488651213748,-2.66511348786252
43,42.70499411766544,-0.29500588233455716
35,41.109810585424036,6.109810585424036
29,38.6455780426214,9.645578042621402
51,43.052429867127906,-7.9475701328720945
39,40.97116924427807,1.971169244278073
47,42.9384371425244,-4.0615628574756
52,43.35151580581256,-8.64848419418744
29,42.818075755297656,13.818075755297656
37,41.772791881583494,4.772791881583494
53,42.92500820173264,-10.074991798267362
43,42.20978830084702,-0.7902116991529766
51,41.584822868616754,-9.415177131383246
45,42.44300768920547,-2.556992310794527
56,42.408702342291676,-13.591297657708324
49,44.2680220518159,-4.7319779481841024
29,41.216835901986016,12.216835901986016
37,39.62160676324541,2.62160676324541
24,40.893137889404265,16.893137889404265
55,41.06553645727551,-13.934463542724487
43,41.03341061380826,-1.9665893861917425
36,44.69914401914305,8.699144019143048
46,41.25431291854974,-4.7456870814502565
43,43.41317013057385,0.4131701305738531
46,41.64042254299758,-4.359577457002423
37,44.24657708419137,7.246577084191372
57,44.30360813326469,-12.696391866735311
60,42.81289998190814,-17.18710001809186
56,42.79507773691234,-13.20492226308766
49,41.373836122360935,-7.6261638776390654
43,42.970355850596135,-0.029644149403864617
42,39.70595575015212,-2.294044249847879
48,46.080017229333784,-1.9199827706662163
47,40.8171144878635,-6.182885512136501
46,44.04118997953706,-1.9588100204629413
57,42.820218633247194,-14.179781366752806
60,43.10037040488763,-16.899629595112373
22,40.74158341996879,18.74158341996879
42,40.16908932411242,-1.83091067588758
22,39.48964554576246,17.489645545762457
36,44.3088137049755,8.308813704975499
40,42.41182419547364,2.411824195473642
29,40.13006248798554,11.13006248798554
54,41.78474128255671,-12.215258717443291
40,41.45283139264119,1.4528313926411869
34,41.71661385970082,7.716613859700821
43,43.74846402522863,0.7484640252286283
51,41.462466948067956,-9.537533051932044
36,40.65131942757431,4.6513194275743075
44,41.551370886762854,-2.4486291132371463
39,42.369093645691954,3.3690936456919545
34,44.019008945180744,10.019008945180744
51,44.23735842978475,-6.762641570215251
44,40.610999528804925,-3.389000471195075
53,38.93476661633896,-14.065233383661038
43,44.985130648714424,1.9851306487144242
34,44.98316715648016,10.983167156480157
52,44.56466639644756,-7.4353336035524435
51,43.1644107470466,-7.8355892529533975
49,43.755292475520434,-5.244707524479566
56,42.46243373647363,-13.537566263526372
43,41.47204619256097,-1.527953807439033
29,43.95169308002114,14.951693080021137
39,39.65783957677836,0.6578395767783576
24,42.603143610958334,18.603143610958334
40,41.782026651479896,1.782026651479896
40,40.1143149278056,0.11431492780560149
35,41.83396226906571,6.833962269065708
47,40.923094122660224,-6.076905877339776
44,42.71985157214641,-1.2801484278535895
24,40.291972899389975,16.291972899389975
34,39.205443576954664,5.205443576954664
53,40.77080738745409,-12.229192612545909
43,40.978350689395135,-2.0216493106048645
37,40.02950386739295,3.029503867392947
37,41.456867758266434,4.4568677582664336
39,41.10278987908796,2.1027898790879576
36,41.75073470565043,5.75073470565043
34,43.404136845038344,9.404136845038344
47,42.33069194469994,-4.669308055300057
37,43.28915839123296,6.289158391232959
49,41.62750439014316,-7.372495609856841
56,41.717424622344744,-14.282575377655256
56,42.354546027516605,-13.645453972483395
47,40.51665138710192,-6.483348612898077
52,45.86117053041918,-6.13882946958082
43,41.62123192890534,-1.3787680710946617
51,43.102146239574374,-7.897853760425626
57,41.78929214483164,-15.210707855168359
29,41.82362062834275,12.823620628342752
24,42.981414623698484,18.981414623698484
29,41.95454491774584,12.954544917745842
42,44.326384682405475,2.3263846824054752
44,41.82834110446693,-2.1716588955330707
54,42.40292670071438,-11.597073299285618
60,43.82987778654428,-16.17012221345572
44,42.32741538963953,-1.6725846103604667
43,42.074520808692505,-0.9254791913074953
35,38.81957297917337,3.8195729791733726
50,42.07065656082516,-7.929343439174843
53,42.15005412717979,-10.849945872820207
29,38.37986735826099,9.379867358260988
39,40.727634150011696,1.7276341500116956
43,38.89800766957913,-4.10199233042087
39,42.989923583398514,3.9899235833985145
51,41.84057996473383,-9.159420035266173
50,44.603093117720505,-5.396906882279495
52,42.99888684814473,-9.001113151855272
40,41.67009646674469,1.6700964667446883
60,44.588800219330516,-15.411199780669484
24,40.785474852216346,16.785474852216346
44,41.54353690205715,-2.4564630979428514
45,44.15129648200134,-0.8487035179986577
45,41.74812947051544,-3.251870529484563
51,42.94034683252806,-8.059653167471943
22,42.349732933925225,20.349732933925225
24,43.59037835162286,19.59037835162286
47,43.718786602115394,-3.2812133978846063
36,43.31005069861661,7.310050698616607
39,40.06101584242889,1.061015842428887
22,41.25360710646731,19.253607106467307
46,45.04161703696326,-0.9583829630367404
55,44.026519372261475,-10.973480627738525
48,42.08249266864184,-5.917507331358159
34,40.351798600762294,6.351798600762294
56,42.96584137361235,-13.03415862638765
45,41.32984468526904,-3.6701553147309625
51,44.19869495161065,-6.801305048389352
52,45.87616342478631,-6.123836575213687
22,42.38046496480338,20.38046496480338
44,42.14456285967718,-1.8554371403228203
22,41.67096795503191,19.670967955031912
37,40.97184008814472,3.9718400881447167
54,41.19538940351161,-12.804610596488388
45,44.296613155004565,-0.7033868449954355
51,43.836796972717785,-7.163203027282215
36,39.058559255395565,3.058559255395565
36,41.66185713595762,5.661857135957618
24,41.18218623759079,17.18218623759079
34,40.872635003040536,6.872635003040536
43,41.31366165913476,-1.686338340865241
60,43.56691649080047,-16.433083509199527
43,43.21027757016768,0.21027757016768334
49,42.0243691939817,-6.975630806018302
55,43.261189422068306,-11.738810577931694
44,42.65251615900865,-1.3474838409913517
36,40.04046556164413,4.040465561644133
53,45.12365868240841,-7.876341317591589
44,41.098031869545956,-2.901968130454044
44,43.24622900209424,-0.753770997905761
39,42.431627937391724,3.431627937391724
53,44.69724556035988,-8.302754439640118
40,42.062343185976935,2.0623431859769354
42,44.25592167091486,2.2559216709148586
47,41.34593395377822,-5.654066046221779
34,40.42392082567155,6.423920825671551
29,38.26103930539251,9.261039305392508
45,44.660434534067385,-0.3395654659326155
44,42.24559123216525,-1.7544087678347466
46,42.608484155897614,-3.3915158441023863
35,39.882636547006925,4.882636547006925
36,41.42652189953649,5.426521899536489
48,40.40637600668177,-7.593623993318232
35,41.41281923842372,6.412819238423722
56,44.14840908211957,-11.85159091788043
29,42.76914639009178,13.769146390091777
44,42.18469525270104,-1.8153047472989599
46,39.5735727499696,-6.4264272500304
52,42.28349590084483,-9.716504099155173
39,41.21432806410877,2.21432806410877
37,42.21052677197295,5.210526771972951
50,42.37602877224256,-7.623971227757437
48,45.49033120877419,-2.5096687912258133
44,40.750076603074085,-3.249923396925915
46,43.556246547212325,-2.443753452787675
50,44.05974514285679,-5.940254857143209
51,42.3829479492434,-8.617052050756598
37,41.272752081436714,4.272752081436714
46,40.1362267126663,-5.8637732873337
55,42.48159138324147,-12.518408616758528
51,41.52546825257078,-9.474531747429218
24,38.8818297898344,14.881829789834399
36,42.15784939471708,6.157849394717083
46,40.348138443205116,-5.651861556794884
50,44.726061992888006,-5.273938007111994
44,44.159201259892825,0.15920125989282496
51,43.942456198071106,-7.057543801928894
40,42.345066704885106,2.345066704885106
29,38.66163706126713,9.661637061267129
37,42.24355390090351,5.243553900903507
39,42.30147161846224,3.3014716184622372
57,42.83442803098815,-14.16557196901185
39,41.79565386025854,2.7956538602585397
56,42.74665285834622,-13.253347141653776
40,42.24502680949711,2.245026809497112
29,40.24423141051779,11.244231410517791
44,43.702061128849785,-0.29793887115021533
47,43.82838573452704,-3.171614265472961
53,42.826952930353,-10.173047069646998
39,40.651164752778804,1.6511647527788043
37,44.235391620859026,7.235391620859026
57,43.639563004376775,-13.360436995623225
57,43.15920805946141,-13.840791940538587
55,44.290334571673895,-10.709665428326105
60,42.349509461049315,-17.650490538950685
39,40.301736551934496,1.3017365519344963
57,45.10620586490521,-11.893794135094787
46,41.60494090001675,-4.39505909998325
46,40.987289465600554,-5.012710534399446
42,40.36098878648367,-1.6390112135163335
29,43.89985635428952,14.899856354289518
43,42.04007538103978,-0.9599246189602226
35,45.60072603546483,10.600726035464831
40,41.910370770407795,1.9103707704077948
48,42.65996786760026,-5.340032132399742
39,43.18669955071225,4.186699550712248
54,42.93425816217017,-11.065741837829833
48,42.5599142937839,-5.440085706216102
48,42.55693771046366,-5.443062289536343
49,43.06361378698177,-5.936386213018231
36,42.6510675190134,6.651067519013402
36,42.36487599288987,6.364875992889871
34,44.27667532718224,10.27667532718224
34,40.37747022780749,6.377470227807493
39,41.45333336001041,2.4533333600104115
55,42.187801817445724,-12.812198182554276
52,44.0027841226403,-7.9972158773597
55,44.31862243052582,-10.68137756947418
43,41.97210364670264,-1.0278963532973577
40,43.24196112463465,3.241961124634649
29,38.429991094811925,9.429991094811925
47,43.416166621285335,-3.5838333787146652
44,42.23201732500112,-1.7679826749988834
46,42.528069775621915,-3.4719302243780845
50,42.73077419450816,-7.269225805491843
55,43.17160308137287,-11.828396918627128
43,42.623087261773136,-0.37691273822686355
37,41.941727162661685,4.941727162661685
53,43.49490360293455,-9.50509639706545
48,43.131227292096,-4.868772707904
24,42.382329360130136,18.382329360130136
37,42.2583161902266,5.258316190226601
51,44.90731906954903,-6.0926809304509675
29,40.89020414330668,11.890204143306683
53,41.73451066277892,-11.265489337221076
52,43.297679073267666,-8.702320926732334
49,42.17527476455848,-6.8247252354415195
60,43.327513751541275,-16.672486248458725
34,40.14265124607443,6.142651246074429
47,43.025628167206506,-3.9743718327934943
44,43.066551618324496,-0.9334483816755039
37,39.92228424424976,2.9222842442497594
48,43.87590545951308,-4.124094540486922
34,40.93119658475976,6.9311965847597605
43,41.08202085254804,-1.917979147451959
45,41.94971274704138,-3.0502872529586185
34,41.60676387535063,7.60676387535063
46,41.18344615501796,-4.816553844982039
36,42.55541396342996,6.555413963429963
47,40.83540489579051,-6.164595104209489
24,40.04329885392473,16.043298853924732
50,44.661432157709875,-5.338567842290125
44,40.94580850159606,-3.054191498403938
50,40.73082532914988,-9.26917467085012
56,42.5555103178647,-13.444489682135298
49,42.00460886158965,-6.995391138410348
60,43.021463905388586,-16.978536094611414
55,42.29304055721766,-12.706959442782342
36,42.76421522479957,6.764215224799571
34,45.145716513571976,11.145716513571976
46,39.55061982777038,-6.449380172229617
51,42.86430229279469,-8.13569770720531
54,41.60666960823173,-12.393330391768266
36,43.26749048119895,7.267490481198948
39,43.8223997612148,4.822399761214797
50,42.42669099985596,-7.573309000144043
47,42.26644012819771,-4.733559871802292
56,42.7978499501029,-13.2021500498971
50,42.09500839140886,-7.904991608591139
48,43.25210885287105,-4.7478911471289535
52,41.100407415952404,-10.899592584047596
51,42.70453428266838,-8.295465717331624
40,43.438402547169154,3.4384025471691544
35,44.28170262223476,9.28170262223476
60,43.2982284866291,-16.7017715133709
53,43.08645996029244,-9.913540039707563
47,43.7700322743817,-3.2299677256183017
45,42.37403613428433,-2.6259638657156685
45,43.37286456254341,-1.6271354374565874
42,44.90562292594606,2.905622925946062
34,40.02427494999266,6.024274949992659
56,42.77162137628527,-13.228378623714732
37,41.34747229941289,4.3474722994128925
54,41.050697937000656,-12.949302062999344
42,42.23684934718595,0.2368493471859523
46,43.78618996804792,-2.213810031952079
39,43.41260413280689,4.412604132806891
29,43.42315221258863,14.423152212588633
40,43.430739430476144,3.4307394304761445
40,43.6830243654373,3.683024365437298
22,40.16091791787802,18.160917917878017
53,41.652078011053526,-11.347921988946474
51,40.47035665744364,-10.529643342556362
24,40.124798430294945,16.124798430294945
49,43.812962955807194,-5.187037044192806
42,43.35695201748297,1.3569520174829677
54,42.30362212355635,-11.696377876443648
42,40.26026216734551,-1.739737832654491
22,39.978007268183354,17.978007268183354
42,43.83950872592582,1.8395087259258176
22,42.212997543018794,20.212997543018794
46,39.51417622835231,-6.485823771647688
53,43.285315574506484,-9.714684425493516
37,41.71114956219448,4.711149562194478
35,44.80900603343252,9.809006033432517
37,40.19128068353178,3.1912806835317795
34,41.504909532641804,7.504909532641804
40,44.133031776253496,4.133031776253496
35,39.726409755997494,4.726409755997494
53,42.31783448682747,-10.682165513172528
46,44.249984273108424,-1.7500157268915757
54,42.081378453361175,-11.918621546638825
43,44.48950396462192,1.4895039646219175
42,38.538834984890684,-3.461165015109316
51,42.14558425750736,-8.854415742492641
34,40.46913754502731,6.4691375450273085
54,42.04953741310061,-11.950462586899391
44,42.97018836150874,-1.0298116384912603
29,39.80126766534466,10.80126766534466
42,44.00094190934919,2.000941909349187
53,43.665632403156025,-9.334367596843975
29,40.947978999368,11.947978999367997
42,43.756592633925685,1.7565926339256848
39,43.37033824292184,4.370338242921839
43,41.88131217337418,-1.1186878266258233
39,42.82416154058916,3.8241615405891594
22,41.84921043526841,19.84921043526841
50,43.739047355804956,-6.260952644195044
46,43.927082752668944,-2.0729172473310555
46,42.323895977724156,-3.676104022275844
35,39.806266802350954,4.8062668023509545
45,41.83529602221901,-3.164703977780988
46,41.310129680332096,-4.689870319667904
48,40.98537329652699,-7.014626703473013
45,43.050257519731375,-1.9497424802686254
54,42.60888988912975,-11.391110110870251
60,44.076457283541764,-15.923542716458236
37,42.379311018804934,5.379311018804934
35,41.92664262993041,6.926642629930413
50,43.20594601960321,-6.794053980396789
47,42.151652448245585,-4.848347551754415
54,41.95105721897201,-12.04894278102799
47,42.981124252868575,-4.018875747131425
50,42.57078414542299,-7.429215854577009
50,43.50612234174924,-6.49387765825076
56,44.00176409103322,-11.998235908966777
40,40.75937560828237,0.7593756082823688
35,42.656642084819,7.656642084818998
29,40.92802194484843,11.928021944848432
39,42.299067329301245,3.299067329301245
29,40.41637542060334,11.416375420603337
43,43.78982928772985,0.7898292877298516
49,43.071017670869416,-5.928982329130584
39,40.95218399402326,1.9521839940232582
52,42.85085512399634,-9.14914487600366
22,42.80074115296753,20.800741152967532
52,43.34338769316195,-8.65661230683805
45,41.257800431505785,-3.7421995684942146
50,42.470073676718286,-7.529926323281714
44,41.27115385620724,-2.728846143792758
29,42.983526774871926,13.983526774871926
29,39.02172843269779,10.021728432697792
45,43.50521902038432,-1.4947809796156832
46,43.1901533669494,-2.809846633050597
37,43.89606551150735,6.896065511507352
45,42.27560870028189,-2.724391299718107
47,43.39304770217091,-3.606952297829089
24,40.00834942455752,16.008349424557522
50,43.2471914662752,-6.752808533724803
57,43.864962676127696,-13.135037323872304
47,44.484848393749836,-2.515151606250164
51,42.81581355450516,-8.184186445494838
29,41.43612884838887,12.436128848388869
51,41.60561499755186,-9.39438500244814
36,45.07576298793279,9.07576298793279
42,43.37882846392217,1.3788284639221686
50,43.64734483654684,-6.352655163453157
22,39.93370860252064,17.93370860252064
43,44.318571890522136,1.3185718905221364
46,43.13636837828535,-2.863631621714653
55,42.16229181013358,-12.837708189866419
24,43.32082340105794,19.320823401057943
57,41.13981012938861,-15.860189870611393
43,40.24230095086169,-2.75769904913831
43,43.831596862200016,0.8315968622000156
43,43.2836471693446,0.2836471693445972
44,44.21576461419292,0.2157646141929206
46,42.56800839413422,-3.4319916058657824
42,40.62373495650593,-1.3762650434940724
37,41.68918881309681,4.689188813096813
36,43.61431052578744,7.614310525787438
51,42.05890933000104,-8.941090669998957
53,41.15328333519405,-11.846716664805953
45,41.81282550989523,-3.1871744901047734
49,43.97112211887066,-5.02887788112934
29,39.84334791657037,10.843347916570373
45,43.58045642077535,-1.4195435792246514
53,41.739153522795455,-11.260846477204545
40,44.80656671867396,4.806566718673963
60,45.22193766694006,-14.778062333059943
29,40.072609783764385,11.072609783764385
54,41.67337468040014,-12.326625319599863
48,41.9203044662723,-6.079695533727701
34,43.588879399352,9.588879399352003
36,43.613023104122405,7.613023104122405
36,42.86024382911229,6.860243829112292
53,42.301482844659866,-10.698517155340134
52,41.55671120378032,-10.443288796219683
42,41.941228760989645,-0.05877123901035475
52,41.409139885227454,-10.590860114772546
36,41.10955843274638,5.1095584327463826
55,43.348515560205165,-11.651484439794835
44,43.087634329265455,-0.9123656707345447
36,45.81179601572428,9.811796015724283
22,39.84495264556634,17.844952645566337
45,43.318537752114786,-1.6814622478852144
49,40.7882379333348,-8.211762066665202
45,44.97398387539966,-0.026016124600339197
39,39.56248327023861,0.5624832702386087
44,42.567916171659995,-1.432083828340005
49,44.62828839224832,-4.371711607751678
51,44.251612586028195,-6.748387413971805
50,41.5318601105046,-8.468139889495397
53,41.60101337475121,-11.398986625248789
22,43.82545983881018,21.825459838810183
48,44.596994944539375,-3.403005055460625
49,44.02227633103763,-4.977723668962369
34,42.26894881618207,8.268948816182068
39,44.0563592939377,5.056359293937703
55,43.91175774385384,-11.08824225614616
50,41.4696907336013,-8.530309266398703
43,40.90582621783502,-2.0941737821649795
35,41.724759587892194,6.724759587892194
29,41.5581715323226,12.558171532322604
46,42.33600662265545,-3.6639933773445534
37,40.14462147834412,3.1446214783441206
50,43.68237831488387,-6.31762168511613
55,42.670463299812496,-12.329536700187504
48,42.69427089613701,-5.305729103862987
44,41.962668394772265,-2.0373316052277346
51,42.10633838762779,-8.893661612372213
39,44.71564670673899,5.715646706738987
37,41.41515859600221,4.4151585960022075
49,41.83596573112938,-7.164034268870623
53,42.36751514577165,-10.632484854228352
44,44.64809587404894,0.6480958740489413
36,43.34179063569864,7.3417906356986435
43,43.02269643517495,0.022696435174950125
34,41.766404352476265,7.766404352476265
47,42.939975219460244,-4.060024780539756
43,39.6456168496229,-3.354383150377103
43,40.88206668439756,-2.1179333156024427
35,45.79483188813687,10.79483188813687
53,41.808444987664956,-11.191555012335044
45,41.066325440006786,-3.9336745599932144
43,40.67114474316718,-2.328855256832817
51,43.5447218804196,-7.455278119580399
34,43.8043809397208,9.8043809397208
22,38.60747314984482,16.60747314984482
46,43.84507296673902,-2.1549270332609822
48,40.662359260667365,-7.337640739332635
37,40.100035669675634,3.100035669675634
53,43.72265696278826,-9.277343037211743
56,43.888328357456906,-12.111671642543094
40,43.57232856413309,3.5723285641330875
43,40.24873891494353,-2.75126108505647
24,40.94680158342104,16.946801583421042
53,44.900614707986406,-8.099385292013594
40,41.99280014130432,1.992800141304322
42,40.94685889418995,-1.0531411058100488
37,43.51974014899851,6.519740148998508
46,41.580453114698116,-4.419546885301884
55,44.28068081395201,-10.71931918604799
42,40.74270198395641,-1.2572980160435918
36,44.88219387245384,8.88219387245384
50,41.37770223948314,-8.622297760516858
24,43.06401397816439,19.06401397816439
29,42.67577966478011,13.675779664780109
36,43.81789325074437,7.817893250744369
35,40.977199605871554,5.977199605871554
55,43.65409720108007,-11.34590279891993
54,43.45654918939644,-10.54345081060356
51,42.889435030455935,-8.110564969544065
45,45.65933978414922,0.6593397841492177
52,42.31551583987786,-9.684484160122139
46,41.60772950180494,-4.39227049819506
53,39.05851892623843,-13.941481073761572
24,43.354216462997165,19.354216462997165
42,42.388431235166415,0.388431235166415
35,40.387776897664935,5.387776897664935
37,44.09104915900687,7.091049159006872
44,41.57845982296989,-2.42154017703011
60,44.76460434018087,-15.235395659819133
50,43.284421273167304,-6.715578726832696
56,42.38140369134894,-13.618596308651057
44,42.98784656847032,-1.0121534315296827
48,41.4036445439941,-6.596355456005902
54,44.35974586921696,-9.640254130783042
42,41.73964212581718,-0.26035787418282297
39,41.0701752689877,2.070175268987697
45,43.25372106527527,-1.746278934724728
36,43.48289226774539,7.482892267745392
37,40.20636128196503,3.2063612819650302
40,42.750610283304766,2.7506102833047663
36,41.771319515232,5.771319515232001
40,40.955270848924,0.9552708489240018
48,42.58099199805165,-5.419008001948349
50,43.40524171239476,-6.594758287605238
53,42.430747430346344,-10.569252569653656
47,41.25958346750915,-5.740416532490848
46,41.93331550434041,-4.066684495659587
52,43.341743853880146,-8.658256146119854
35,40.81708871256831,5.817088712568307
39,43.71600894063105,4.716008940631049
57,42.46714595162166,-14.53285404837834
46,42.87647885468792,-3.1235211453120826
42,41.279453516985235,-0.7205464830147648
29,39.564160333300535,10.564160333300535
48,40.71127970391348,-7.288720296086517
44,39.77310399132271,-4.2268960086772935
35,43.43254469954579,8.432544699545787
54,41.308918318821846,-12.691081681178154
51,45.27133965724873,-5.728660342751269
29,40.90465938643587,11.904659386435867
24,43.24569257905179,19.24569257905179
50,43.404458133022935,-6.595541866977065
53,39.965318616095814,-13.034681383904186
40,41.19892746298406,1.1989274629840594
57,42.03993568468011,-14.96006431531989
46,41.08146521564091,-4.918534784359089
56,43.0592445103587,-12.940755489641298
52,42.4484925901857,-9.551507409814299
45,42.00396094741429,-2.996039052585708
49,41.95678973977481,-7.043210260225187
53,41.98274193154275,-11.017258068457252
29,37.824087744793296,8.824087744793296
46,41.84061989588044,-4.159380104119563
56,42.46538468616774,-13.534615313832262
49,41.5226688714113,-7.477331128588702
34,38.90695879183804,4.9069587918380435
36,41.72343218214392,5.723432182143917
40,44.85090046779224,4.850900467792243
45,40.543635933976915,-4.4563640660230845
44,43.00244004914744,-0.9975599508525619
60,42.164129457756765,-17.835870542243235
40,44.34100611851084,4.34100611851084
46,43.89624563603531,-2.10375436396469
43,41.744407087527705,-1.255592912472295
44,40.55411763870923,-3.4458823612907707
24,41.2711703339813,17.271170333981303
50,42.26678945182124,-7.733210548178761
43,41.07874560061463,-1.9212543993853686
43,40.121213763057966,-2.878786236942034
47,42.92002255762724,-4.079977442372758
39,42.50570245121972,3.505702451219719
44,44.02794615692432,0.02794615692432245
48,44.4096030593826,-3.5903969406174028
52,43.27233575146335,-8.727664248536648
43,42.4037651979332,-0.5962348020668031
37,44.4753384482691,7.475338448269099
44,39.7508630735207,-4.249136926479302
39,42.946478933910726,3.9464789339107256
45,41.215303282073265,-3.7846967179267352
52,44.4496509261897,-7.5503490738103025
55,42.81635952921698,-12.183640470783018
42,41.361255854006,-0.6387441459940035
47,42.35472098763251,-4.645279012367489
24,38.6505054705682,14.650505470568199
47,44.32317700674373,-2.6768229932562733
37,40.32819456598862,3.3281945659886176
40,40.01158712033171,0.011587120331711276
42,42.025373778925726,0.025373778925725787
39,41.183723115268464,2.1837231152684637
50,43.486121748727086,-6.513878251272914
55,44.76707716483999,-10.23292283516001
55,43.44627190199629,-11.55372809800371
39,43.417881423675794,4.417881423675794
36,44.315034863724534,8.315034863724534
50,43.67763411930105,-6.322365880698953
37,39.474457287929546,2.474457287929546
55,42.835494743709475,-12.164505256290525
35,40.15994544523131,5.159945445231308
42,42.03744651378494,0.03744651378494268
37,41.1712642408253,4.171264240825302
53,42.49974795071402,-10.500252049285983
39,42.64014308628351,3.6401430862835085
48,43.15171493745114,-4.848285062548861
22,40.06419583374621,18.06419583374621
53,44.509455383169716,-8.490544616830284
42,41.068197886119385,-0.9318021138806145
34,41.58513796301372,7.585137963013722
29,44.4952480402613,15.495248040261302
45,43.61915161976508,-1.380848380234923
43,41.32164609395764,-1.6783539060423607
40,42.269223632664655,2.269223632664655
43,44.10406064451242,1.1040606445124226
52,44.009465080537616,-7.990534919462384
37,41.61322467369911,4.613224673699108
36,42.17777826829292,6.1777782682929185
37,40.06140340210807,3.06140340210807
56,41.998330566457724,-14.001669433542276
42,40.38302792794435,-1.6169720720556526
53,43.325862343206666,-9.674137656793334
35,39.015788191946,4.015788191946001
49,39.740033220541946,-9.259966779458054
35,41.60678971849906,6.6067897184990585
56,42.85740276156704,-13.142597238432963
49,41.34640786678104,-7.653592133218957
34,42.19911595771616,8.19911595771616
22,41.87559318020946,19.875593180209457
35,42.600336119870484,7.600336119870484
47,41.70987597990899,-5.290124020091007
39,40.30979811230889,1.30979811230889
40,41.99038238829283,1.9903823882928293
35,41.18052089311329,6.18052089311329
50,42.681107234703084,-7.318892765296916
54,43.41054393593049,-10.589456064069509
43,41.08652946080816,-1.9134705391918416
50,43.05210498173074,-6.947895018269257
43,41.92419127058903,-1.0758087294109728
37,41.29976888301538,4.299768883015382
50,42.339516893627994,-7.660483106372006
40,44.19180148448139,4.191801484481388
47,44.48287134267009,-2.5171286573299128
29,41.69877208517848,12.698772085178483
35,41.873096521150124,6.873096521150124
52,43.13068146130424,-8.869318538695758
51,42.004748478438735,-8.995251521561265
45,40.513295951960494,-4.486704048039506
29,40.79648720058456,11.796487200584558
39,41.39925785961146,2.3992578596114598
40,42.7402210792374,2.7402210792374007
39,41.64499081138296,2.6449908113829608
35,42.62605012229364,7.626050122293641
60,43.84270184741725,-16.157298152582747
53,42.8613004272266,-10.138699572773398
52,41.16426638502178,-10.835733614978217
22,39.88979009522875,17.889790095228747
52,42.434398082288574,-9.565601917711426
49,41.760073268969464,-7.239926731030536
57,42.596190149530685,-14.403809850469315
45,45.69931526361706,0.6993152636170592
45,42.04728758236461,-2.9527124176353894
22,43.029746147101164,21.029746147101164
39,40.344259743605136,1.3442597436051358
29,39.873872398981455,10.873872398981455
43,42.5600687342511,-0.4399312657489034
60,43.0555879281686,-16.9444120718314
45,40.05755990833194,-4.942440091668061
48,42.20066267708052,-5.799337322919477
50,42.25982961581099,-7.740170384189007
44,44.02293680524923,0.022936805249230474
37,43.31672337424364,6.316723374243637
43,41.382165714027295,-1.6178342859727053
47,41.64896654523561,-5.351033454764391
53,43.70128431138531,-9.298715688614692
43,43.9619557795485,0.9619557795484965
34,43.53131472287833,9.531314722878328
42,43.12530765415099,1.125307654150987
24,43.00692244053197,19.006922440531973
52,40.073630733156875,-11.926369266843125
50,41.1718501161794,-8.8281498838206
51,45.014613573660675,-5.985386426339325
24,43.94152433997659,19.94152433997659
35,41.06258488200082,6.06258488200082
50,41.03262022267064,-8.967379777329363
50,42.8580204692806,-7.1419795307193965
35,40.39217701236058,5.392177012360577
50,41.375706061243456,-8.624293938756544
35,42.301652562186106,7.301652562186106
42,43.074107317263426,1.074107317263426
22,43.4761674301019,21.476167430101903
34,39.87886269175626,5.878862691756261
42,44.086367531821466,2.086367531821466
46,41.51642796329843,-4.483572036701567
42,40.90960220868819,-1.0903977913118084
51,44.467080905268375,-6.532919094731625
36,44.51677661803612,8.516776618036118
53,42.17134699531979,-10.828653004680213
24,41.25016560752208,17.250165607522078
54,43.0167534607492,-10.9832465392508
40,42.45929512914471,2.4592951291447065
22,40.75576230160381,18.75576230160381
56,45.08595274030021,-10.914047259699792
49,40.68962071801497,-8.310379281985028
51,45.86669383469082,-5.133306165309179
39,38.790794827561086,-0.20920517243891368
51,41.16791177121811,-9.832088228781892
34,43.00155437031919,9.001554370319191
46,40.84351377561256,-5.156486224387443
46,41.63009226624805,-4.369907733751951
55,42.81441330064049,-12.185586699359511
37,42.02127654277826,5.02127654277826
50,44.530531279798346,-5.469468720201654
51,43.82819736904702,-7.171802630952982
35,41.0252516959676,6.025251695967597
44,40.3358684812246,-3.664131518775399
52,41.281661440018716,-10.718338559981284
60,42.905762836413885,-17.094237163586115
45,41.225568310299494,-3.7744316897005064
34,42.53156352364989,8.531563523649893
22,40.63904066042338,18.639040660423383
34,39.120966219152855,5.120966219152855
22,41.139682323724045,19.139682323724045
53,43.86603758603439,-9.133962413965612
44,40.90667460945193,-3.093325390548067
56,44.76961174718897,-11.230388252811032
45,43.16219704739341,-1.8378029526065873
22,45.05822032078436,23.058220320784358
46,40.24630331284491,-5.753696687155092
35,41.99639595922325,6.99639595922325
49,42.015923012895755,-6.984076987104245
49,40.88102569449259,-8.118974305507408
39,42.020693333685145,3.020693333685145
56,43.63470260981815,-12.365297390181851
46,42.46217816697373,-3.537821833026271
51,43.05945572594979,-7.940544274050211
40,40.91958238710705,0.9195823871070488
47,44.07404580008477,-2.925954199915232
39,41.83893443698379,2.8389344369837914
37,43.96578203887203,6.965782038872028
40,43.04591886591027,3.0459188659102665
37,43.936862316561566,6.936862316561566
40,42.30054664902711,2.300546649027112
29,43.219106312061264,14.219106312061264
50,40.71953950119561,-9.280460498804388
34,42.659672197457006,8.659672197457006
36,40.97762333836185,4.977623338361852
35,41.160353928290405,6.160353928290405
39,42.63028793972863,3.630287939728632
48,41.165419369041224,-6.834580630958776
53,41.56219734936497,-11.437802650635028
54,41.792187435062374,-12.207812564937626
42,41.20867751248833,-0.7913224875116711
51,42.79169239919466,-8.208307600805341
57,43.48782550923405,-13.51217449076595
57,42.139990507038966,-14.860009492961034
29,38.91870199830774,9.91870199830774
22,41.95188977592599,19.95188977592599
50,40.127719140504205,-9.872280859495795
37,39.82855126640142,2.828551266401419
22,39.639000122833586,17.639000122833586
52,42.786340295698295,-9.213659704301705
49,44.318473419302855,-4.681526580697145
24,40.96510600663237,16.965106006632368
35,39.01390397311403,4.013903973114033
39,42.357119387651636,3.357119387651636
51,42.23145419398078,-8.768545806019219
43,42.39894281366319,-0.6010571863368099
56,43.85132277230886,-12.148677227691138
49,43.90072660679215,-5.099273393207852
29,41.49167193663643,12.491671936636429
60,43.38678427300924,-16.61321572699076
37,44.58467808813977,7.584678088139768
49,42.52266763545574,-6.47733236454426
44,42.45510927419996,-1.5448907258000375
42,41.73949759215444,-0.2605024078455571
29,38.642341899833845,9.642341899833845
39,44.15251034805465,5.152510348054648
52,43.27312788275706,-8.72687211724294
39,42.79390376652027,3.7939037665202733
56,44.17926677973437,-11.82073322026563
60,43.74371991820723,-16.256280081792767
45,43.328013942658906,-1.671986057341094
29,43.306031652626395,14.306031652626395
48,44.1507011508703,-3.8492988491297027
35,44.67787001886708,9.677870018867083
47,41.90413925212835,-5.095860747871647
49,43.71096380957666,-5.289036190423339
60,42.413302021913815,-17.586697978086185
39,43.776902892307966,4.776902892307966
60,43.916156909870324,-16.083843090129676
49,45.109883941091226,-3.8901160589087738
36,42.64135486196338,6.641354861963379
34,43.16606606886035,9.166066068860353
47,43.42130014161522,-3.5786998583847804
47,40.04020611647373,-6.959793883526267
40,42.476122102187745,2.4761221021877446
47,43.88241111219482,-3.1175888878051765
42,41.66972778618111,-0.33027221381888694
55,41.03385260822514,-13.96614739177486
47,42.228386982333994,-4.771613017666006
49,42.4866522629378,-6.5133477370621975
43,40.79448185631223,-2.205518143687769
29,39.704080304353404,10.704080304353404
29,40.599521947832585,11.599521947832585
52,43.67872031920886,-8.321279680791143
54,43.707411035952966,-10.292588964047034
54,42.11504010000604,-11.884959899993959
48,40.961053625571154,-7.038946374428846
44,42.71005999193834,-1.289940008061663
44,40.258321714890414,-3.741678285109586
34,41.106902135415886,7.106902135415886
49,44.329112277717456,-4.670887722282544
49,43.1562377230035,-5.8437622769965
57,42.255491854578224,-14.744508145421776
24,40.855105544728914,16.855105544728914
51,42.09832271667695,-8.901677283323053
29,37.7555569754073,8.755556975407302
24,40.959892295920795,16.959892295920795
43,43.68542489977791,0.6854248997779067
46,42.682243307205916,-3.3177566927940845
48,41.6256455017983,-6.374354498201697
48,44.87680764404527,-3.1231923559547283
36,41.41299759163942,5.412997591639417
29,44.77345499720403,15.773454997204027
55,40.61347820843373,-14.386521791566267
50,45.45145962489852,-4.5485403751014815
50,41.085612346145005,-8.914387653854995
36,41.853802660802664,5.853802660802664
53,43.3467795310839,-9.653220468916103
57,44.57315451465836,-12.426845485341637
34,42.3776294179277,8.3776294179277
56,42.70207726879191,-13.29792273120809
46,41.601719458879764,-4.398280541120236
24,41.02563846624102,17.02563846624102
56,43.199680041773554,-12.800319958226446
40,42.520212763600234,2.5202127636002345
42,44.09318573986508,2.0931857398650777
22,39.93505123303991,17.935051233039907
54,40.00601599768857,-13.993984002311429
24,40.17896007128906,16.17896007128906
40,40.938063884787795,0.9380638847877947
46,44.654273673037125,-1.3457263269628754
50,43.40824673823716,-6.59175326176284
24,42.30050142245846,18.30050142245846
42,43.459895958535796,1.459895958535796
40,43.80111404800328,3.801114048003278
43,40.44566579076374,-2.5543342092362593
42,42.76969779961594,0.7696977996159404
45,42.26219810474413,-2.7378018952558705
42,42.68380400419937,0.6838040041993665
45,44.63786361675304,-0.3621363832469626
53,41.247870310290644,-11.752129689709356
43,44.01151090134014,1.011510901340138
51,43.377988554926624,-7.622011445073376
40,40.89474826900961,0.8947482690096109
43,42.92194273114109,-0.07805726885891318
42,43.85212420833565,1.8521242083356526
37,38.65943210368461,1.6594321036846083
48,42.058560298614076,-5.941439701385924
35,42.70741558317389,7.707415583173891
37,43.09591379974002,6.095913799740018
54,43.56160441858617,-10.438395581413829
37,40.974102429257485,3.974102429257485
36,41.74091851631415,5.740918516314153
54,40.689214392235094,-13.310785607764906
35,43.22537573407459,8.22537573407459
48,41.89536152284409,-6.104638477155909
22,39.331892647337355,17.331892647337355
51,42.40801302951348,-8.591986970486523
42,41.8498987576213,-0.15010124237870315
47,45.520171628918845,-1.4798283710811546
42,40.13605267878565,-1.8639473212143471
36,41.06642798075556,5.066427980755563
44,42.63317212772489,-1.3668278722751097
40,41.438764174340406,1.438764174340406
39,40.10120828896222,1.1012082889622192
46,44.33222767693894,-1.6677723230610582
29,42.27842192557888,13.278421925578883
24,45.79976331490263,21.799763314902627
50,41.284494174930536,-8.715505825069464
36,43.458692214449584,7.458692214449584
50,40.56392427522246,-9.436075724777538
45,42.15729444952239,-2.8427055504776106
51,41.379408826883584,-9.620591173116416
44,43.54339411785723,-0.4566058821427674
52,45.50431765014514,-6.49568234985486
39,44.76473424362626,5.764734243626258
49,44.56785495824772,-4.432145041752278
57,42.79966644543479,-14.200333554565212
24,39.2337786992152,15.2337786992152
47,42.60504231691849,-4.394957683081508
51,40.903850810184004,-10.096149189815996
52,44.31521785170973,-7.684782148290267
39,43.03749520134506,4.03749520134506
46,41.44169154676946,-4.558308453230538
51,41.61915642121916,-9.38084357878084
42,41.51966216447345,-0.48033783552654796
35,41.36150076565122,6.361500765651222
39,40.04702505551502,1.0470250555150216
50,44.43666905324206,-5.563330946757937
22,40.777330246914744,18.777330246914744
35,40.79976283487843,5.799762834878429
43,43.56023172088928,0.5602317208892771
45,41.076672057012836,-3.9233279429871644
29,43.733515705893936,14.733515705893936
57,41.154529816802075,-15.845470183197925
29,39.80750323213756,10.807503232137563
50,44.05930379659486,-5.940696203405139
43,41.46168423361546,-1.5383157663845424
34,41.80434911798679,7.8043491179867885
40,42.543883648631116,2.543883648631116
49,43.820470854278966,-5.179529145721034
48,41.02838322738149,-6.9716167726185105
45,43.60593359444395,-1.3940664055560532
39,43.7476938740726,4.747693874072603
46,41.65943782175661,-4.340562178243388
52,43.72274774455972,-8.277252255440281
46,40.20680368463629,-5.7931963153637085
50,42.08956002777627,-7.9104399722237275
37,43.66268762723056,6.662687627230561
35,39.124323187557565,4.1243231875575646
48,42.86753281431959,-5.132467185680412
36,41.454045654428086,5.454045654428086
44,41.08725573382753,-2.912744266172467
35,41.30845736056991,6.308457360569911
44,42.61348574153318,-1.3865142584668178
42,43.35281467398692,1.35281467398692
36,42.92154989535325,6.921549895353252
29,39.34186245706739,10.341862457067393
37,44.43459458194813,7.434594581948133
49,42.25437171459092,-6.745628285409083
55,43.90749855921601,-11.092501440783991
53,42.284734628260594,-10.715265371739406
44,43.09327017397993,-0.9067298260200687
53,42.10656429360301,-10.893435706396993
60,43.8200782937274,-16.1799217062726
53,45.077748155461336,-7.922251844538664
43,39.23320069353742,-3.7667993064625804
34,40.222902886538826,6.222902886538826
37,41.966991558402924,4.966991558402924
52,41.01369988088874,-10.986300119111263
50,43.28752485538257,-6.712475144617429
34,45.19825713093446,11.198257130934458
43,42.31901744072314,-0.6809825592768632
42,40.72080155582762,-1.2791984441723798
36,42.212766138020406,6.212766138020406
56,43.2758900201865,-12.724109979813498
35,42.25095483305582,7.250954833055822
56,41.67792304272706,-14.322076957272941
36,39.835596245585,3.835596245585002
35,38.382351409274534,3.382351409274534
39,39.19068237420507,0.19068237420506762
60,45.01372068613866,-14.986279313861338
36,38.442907845761454,2.4429078457614537
22,40.74257667644811,18.74257667644811
45,43.60818269455014,-1.3918173054498624
52,44.21970280590699,-7.780297194093009
55,42.38062871744947,-12.619371282550532
49,44.605276046040025,-4.394723953959975
50,44.958081080903625,-5.041918919096375
22,43.76138463948129,21.761384639481292
39,41.09978580406485,2.099785804064851
43,45.23966546250527,2.239665462505272
34,44.7991140199014,10.799114019901403
60,42.973553560431505,-17.026446439568495
44,42.04711707001434,-1.9528829299856625
43,41.62921103864788,-1.370788961352119
24,42.86097268875349,18.860972688753492
52,44.313484325040214,-7.686515674959786
55,44.362694358147856,-10.637305641852144
46,42.67256484784005,-3.32743515215995
49,44.30581841258929,-4.694181587410711
51,42.54733298833824,-8.45266701166176
43,41.792931044421174,-1.2070689555788263
24,43.50159529018519,19.501595290185193
22,39.70183214336111,17.70183214336111
36,42.100190678052456,6.100190678052456
39,44.36135993476502,5.361359934765019
54,40.834679855746295,-13.165320144253705
45,41.48237114229649,-3.5176288577035066
49,41.29030618633326,-7.709693813666739
51,42.461008555965975,-8.538991444034025
46,45.624131505441724,-0.37586849455827576
29,42.529189844923266,13.529189844923266
53,42.1918073145869,-10.808192685413097
44,44.35079001918237,0.3507900191823694
29,44.06444699303443,15.06444699303443
56,42.0368608570543,-13.9631391429457
36,39.13606591295134,3.136065912951338
51,44.10681964023316,-6.893180359766838
34,44.16804028374881,10.168040283748809
39,43.34126944386396,4.341269443863958
24,39.664312640809825,15.664312640809825
60,44.404671334034674,-15.595328665965326
39,41.43032471117984,2.4303247111798427
42,39.61876229206554,-2.38123770793446
22,41.76349310322841,19.763493103228413
24,43.46565954390429,19.465659543904287
44,41.16498494052114,-2.835015059478863
36,40.494561000182934,4.494561000182934
36,39.19779715230161,3.197797152301611
42,42.857180475505146,0.857180475505146
29,42.42163009545701,13.421630095457012
34,41.543835833298054,7.543835833298054
34,40.170353774888454,6.170353774888454
39,40.9112975486443,1.9112975486442991
24,38.43797770615111,14.43797770615111
49,44.248080446424865,-4.751919553575135
60,44.01398179508743,-15.986018204912568
47,44.37955652556462,-2.6204434744353833
29,40.86515141266803,11.865151412668027
34,43.247343267819744,9.247343267819744
52,42.68874333787715,-9.311256662122851
44,41.87843285198918,-2.1215671480108185
34,44.41933300821944,10.41933300821944
53,43.523896544271544,-9.476103455728456
52,43.049867875650214,-8.950132124349786
43,42.79374953745046,-0.20625046254954071
34,39.73824658819916,5.738246588199161
54,40.572226946387325,-13.427773053612675
24,44.91193252128676,20.911932521286758
44,43.73617351463454,-0.26382648536546327
40,40.53521706332215,0.5352170633221505
57,42.86211605927347,-14.137883940726532
42,39.842963162682615,-2.157036837317385
44,43.32612178093556,-0.6738782190644415
44,41.78926230074109,-2.2107376992589067
52,41.67714622675175,-10.322853773248248
40,43.01261422275934,3.012614222759339
40,42.908374959736726,2.908374959736726
53,43.537773665462595,-9.462226334537405
48,43.87168392754275,-4.1283160724572525
29,44.48974665581357,15.489746655813569
22,42.205642336020134,20.205642336020134
37,40.9240861516969,3.9240861516968977
50,42.76100574937757,-7.238994250622433
48,42.5282093927774,-5.4717906072226015
29,38.33359545546992,9.333595455469919
52,41.26733942356806,-10.73266057643194
45,43.89799819681429,-1.1020018031857077
45,43.564107685172814,-1.4358923148271856
40,40.852981525512575,0.8529815255125754
24,39.60523089078376,15.605230890783758
48,45.735278028886825,-2.2647219711131754
35,40.52512324114281,5.525123241142808
49,41.99461182262885,-7.005388177371152
47,44.1269943555283,-2.8730056444716965
46,43.066178466590635,-2.9338215334093647
51,43.31138876260026,-7.688611237399741
51,40.37611319039083,-10.623886809609168
24,41.46470084987773,17.46470084987773
55,41.664347429874304,-13.335652570125696
22,39.61213590243861,17.61213590243861
45,44.08970791491504,-0.9102920850849614
34,41.86577993191732,7.8657799319173165
48,39.871616244242524,-8.128383755757476
47,42.05123178628747,-4.948768213712533
22,37.53382848955658,15.533828489556583
57,44.14088169989344,-12.859118300106559
42,42.78832088921281,0.7883208892128124
49,40.75145080803226,-8.24854919196774
56,42.28607939726325,-13.71392060273675
47,41.76353832557811,-5.236461674421889
34,42.15372938454801,8.153729384548008
37,44.16923322378605,7.169233223786051
44,42.40440699054183,-1.5955930094581703
56,44.772828214223075,-11.227171785776925
40,41.94979477830978,1.94979477830978
36,39.543851592937095,3.543851592937095
60,44.390088521001026,-15.609911478998974
49,43.68891878585168,-5.311081214148317
43,41.15667918063886,-1.8433208193611392
37,40.77094824991614,3.770948249916138
57,44.475551908024954,-12.524448091975046
24,39.63813971022274,15.638139710222738
49,40.92736533421934,-8.072634665780662
24,42.33239708152265,18.33239708152265
48,43.42133538891545,-4.578664611084548
22,41.39572350978205,19.39572350978205
47,43.67800225900237,-3.321997740997631
42,43.91578938519681,1.9157893851968097
24,41.17128741530147,17.17128741530147
50,42.08124351317629,-7.91875648682371
43,41.01905479132584,-1.9809452086741572
22,42.36942892443616,20.369428924436157
54,42.236973674604656,-11.763026325395344
45,42.279402333186596,-2.720597666813404
47,38.48414617414313,-8.515853825856873
36,42.0732153479396,6.073215347939602
22,41.0624463887298,19.062446388729803
54,43.400101377394975,-10.599898622605025
29,39.34971469620049,10.349714696200493
45,44.96702957932677,-0.032970420673230194
39,39.91587537589006,0.9158753758900602
34,41.19867867827202,7.198678678272017
40,41.50427258888286,1.5042725888828627
42,43.240148147335816,1.240148147335816
57,43.002422898495425,-13.997577101504575
53,44.030745323965604,-8.969254676034396
49,43.64856271831725,-5.351437281682749
55,43.03634076611027,-11.963659233889729
24,39.36069777728067,15.36069777728067
29,42.88211286572488,13.882112865724878
48,43.35404512288719,-4.645954877112807
45,44.00870955499352,-0.9912904450064772
45,41.36710550621739,-3.632894493782608
53,40.12280428859712,-12.877195711402877
40,42.474047991200486,2.474047991200486
42,42.89230103179625,0.8923010317962508
40,42.78347099025678,2.783470990256781
49,41.75619930228797,-7.243800697712032
37,42.22529221196862,5.225292211968622
44,42.22727194975684,-1.7727280502431597
49,42.86065938338925,-6.1393406166107525
47,45.354504203692734,-1.6454957963072658
40,42.302403666092076,2.3024036660920757
39,44.16835321307789,5.168353213077893
48,41.50841081778366,-6.491589182216337
37,41.962154054810085,4.962154054810085
54,43.911127872039344,-10.088872127960656
56,42.52039020339874,-13.47960979660126
45,41.937644076784274,-3.0623559232157262
52,41.107841202266485,-10.892158797733515
50,42.201726294281684,-7.798273705718316
24,42.008202533104615,18.008202533104615
54,43.447602395904326,-10.552397604095674
44,41.887319750892445,-2.112680249107555
54,40.73295017058278,-13.267049829417218
51,43.369264854383225,-7.630735145616775
34,40.66545086832441,6.665450868324413
48,41.43144274492973,-6.568557255070267
44,40.060855912510874,-3.939144087489126
50,41.996265850180585,-8.003734149819415
56,45.38440707147158,-10.615592928528422
44,41.465872490636194,-2.534127509363806
42,41.78939887800867,-0.2106011219913313
45,39.07907241669305,-5.920927583306948
43,41.48778664668644,-1.5122133533135624
37,40.06529146763954,3.0652914676395397
36,41.43776600841415,5.437766008414151
37,40.969997934936785,3.969997934936785
48,41.93281255379059,-6.0671874462094095
51,42.88335540765075,-8.116644592349253
60,44.9298464240653,-15.070153575934697
49,42.56582414483942,-6.434175855160582
48,43.3650938403186,-4.6349061596814
44,44.402890289252525,0.40289028925252524
43,41.482940916787726,-1.5170590832122741
53,45.01948201429126,-7.980517985708737
45,40.60788962362838,-4.392110376371619
22,42.91715401618596,20.91715401618596
54,42.023748084866675,-11.976251915133325
40,42.652068602986105,2.6520686029861054
37,44.956428712090755,7.956428712090755
29,39.45696738048652,10.456967380486518
39,42.607204162797686,3.607204162797686
49,41.90746560560233,-7.092534394397667
42,41.17070856974697,-0.8292914302530292
57,42.22966320027435,-14.770336799725648
57,43.24122705846127,-13.75877294153873
37,42.43708906379853,5.437089063798531
50,44.91998770366582,-5.080012296334182
36,40.33652853703802,4.336528537038021
47,43.738181741454646,-3.261818258545354
50,42.14344986469896,-7.856550135301042
57,45.32370725134599,-11.676292748654006
39,45.285216932132535,6.285216932132535
39,40.877257860963624,1.8772578609636241
36,43.31887724544537,7.318877245445371
51,40.9064400602901,-10.093559939709898
43,43.641972503465446,0.6419725034654462
45,41.51687069079869,-3.48312930920131
52,43.28477258063224,-8.715227419367757
54,42.941801808379296,-11.058198191620704
35,39.650777458184365,4.650777458184365
24,42.58173689806216,18.58173689806216
46,40.9228319086079,-5.077168091392103
52,42.295649714845155,-9.704350285154845
42,41.81586248798853,-0.18413751201146766
52,42.69482596809194,-9.30517403190806
45,41.18112160324816,-3.818878396751842
51,42.971465177310705,-8.028534822689295
22,41.054484985879526,19.054484985879526
43,42.481788008746726,-0.5182119912532741
44,39.47819616115909,-4.52180383884091
51,41.37763794155711,-9.622362058442889
47,41.33161979295416,-5.668380207045843
36,43.31338067899518,7.3133806789951805
34,42.92177592744998,8.921775927449978
36,43.32000259161767,7.320002591617673
37,43.21958883391001,6.219588833910009
47,43.05433282141922,-3.945667178580777
39,43.025294198583474,4.025294198583474
56,42.76659114453507,-13.23340885546493
45,44.26620182791361,-0.733798172086388
29,38.79070945391127,9.79070945391127
42,42.04678269423765,0.046782694237649025
37,40.06704270299203,3.0670427029920333
51,44.00364649028122,-6.99635350971878
34,41.44221233275347,7.442212332753471
52,43.980376112697,-8.019623887302998
51,44.267106908646774,-6.732893091353226
46,38.93404184506703,-7.0659581549329715
35,41.04549697665924,6.045496976659237
35,43.89475588680411,8.894755886804113
43,41.928545034629245,-1.071454965370755
54,42.50476318429818,-11.495236815701823
40,42.60864404912072,2.60864404912072
37,41.52256959631414,4.522569596314142
51,42.112371556292594,-8.887628443707406
24,40.09739077989632,16.097390779896322
24,43.11112691000673,19.111126910006732
60,44.63606496093203,-15.363935039067968
43,42.537637756131346,-0.4623622438686539
22,45.27047082177614,23.270470821776136
50,43.648818253479426,-6.351181746520574
42,43.89908513827102,1.899085138271019
29,44.217935803881744,15.217935803881744
54,43.493700654577005,-10.506299345422995
22,44.108997918741736,22.108997918741736
22,44.944267659599326,22.944267659599326
50,41.93063826478483,-8.069361735215168
35,39.49792530996064,4.497925309960642
24,40.47129603493808,16.471296034938078
42,41.0819327517342,-0.9180672482657997
52,43.177099463827695,-8.822900536172305
51,45.42143021885268,-5.578569781147323
40,41.74205125337383,1.7420512533738304
43,41.025105746506874,-1.974894253493126
34,45.194147824701275,11.194147824701275
43,41.651031995982024,-1.3489680040179763
39,43.27266058585746,4.272660585857459
47,42.4495008773441,-4.5504991226559
24,41.80632810465796,17.806328104657958
47,41.335728433675115,-5.664271566324885
42,42.19629843597265,0.1962984359726505
53,43.716128011789586,-9.283871988210414
39,41.264644747617936,2.264644747617936
56,44.3397647266623,-11.660235273337697
57,42.96953349647789,-14.030466503522113
35,41.98815715721392,6.988157157213919
39,41.87437767194596,2.8743776719459575
29,43.34361079858176,14.343610798581757
57,43.73294199328397,-13.267058006716027
49,43.48211507717113,-5.51788492282887
44,42.99065014546116,-1.00934985453884
52,44.38185514055642,-7.618144859443582
35,43.883390338457325,8.883390338457325
44,43.691019693558474,-0.3089803064415264
52,44.69860658803646,-7.301393411963538
34,41.527517429726124,7.5275174297261245
46,44.01333104016564,-1.9866689598343612
49,44.263671958476266,-4.736328041523734
45,41.21121222002725,-3.7887877799727505
55,44.88906111413139,-10.110938885868613
42,39.21405249644685,-2.785947503553153
37,41.00224865054975,4.0022486505497525
53,42.03147155895918,-10.968528441040817
40,40.91253243228216,0.9125324322821626
39,41.141886783426635,2.141886783426635
47,41.80907667056193,-5.190923329438071
24,40.61727164766932,16.61727164766932
29,42.59351007014379,13.593510070143793
47,42.31525758675876,-4.6847424132412385
55,42.38426820254002,-12.61573179745998
49,41.39614569068746,-7.603854309312538
46,41.233131114636045,-4.766868885363955
42,44.35357193652589,2.3535719365258885
53,43.15735815883075,-9.842641841169247
43,40.70089403092722,-2.2991059690727766
44,42.09979951472506,-1.9002004852749366
47,42.59552583048672,-4.4044741695132785
39,42.25503170502949,3.255031705029488
22,43.46750120082577,21.467501200825772
29,40.68910186507325,11.689101865073248
45,42.97826623520494,-2.0217337647950586
36,42.121593145772806,6.121593145772806
43,45.038254857214106,2.038254857214106
49,41.29161918198229,-7.708380818017709
37,40.610993375455266,3.6109933754552657
60,41.5608297823483,-18.4391702176517
43,41.02536108534265,-1.9746389146573478
54,43.64827945983832,-10.35172054016168
46,40.41803900519277,-5.581960994807233
47,40.391915844008935,-6.608084155991065
39,40.45959688979411,1.4595968897941134
60,42.72748145859782,-17.272518541402178
29,40.68033740564222,11.68033740564222
37,43.49430047719396,6.49430047719396
35,39.68471711025895,4.684717110258951
34,44.789379940646896,10.789379940646896
35,43.7581556502218,8.758155650221802
43,42.90497201611185,-0.09502798388815137
39,39.3797383829292,0.37973838292919737
29,38.2860969702297,9.2860969702297
53,43.73440181499747,-9.265598185002531
35,39.47505621251257,4.47505621251257
44,42.53220345053464,-1.467796549465362
35,41.35916116652314,6.359161166523137
56,43.26607241778764,-12.73392758221236
50,42.939507420317234,-7.060492579682766
53,41.50724110571446,-11.492758894285537
42,42.53379908547457,0.5337990854745698
22,39.36597629778796,17.36597629778796
29,38.706182591681454,9.706182591681454
44,41.42191181209849,-2.578088187901507
35,42.82373284133201,7.82373284133201
34,40.30085999542794,6.300859995427942
34,40.38096932790662,6.3809693279066195
37,39.46949978518391,2.4694997851839133
53,42.6467277984723,-10.353272201527702
34,43.5422169890711,9.5422169890711
22,40.173319527867044,18.173319527867044
60,44.86105570670436,-15.138944293295637
40,41.60815092952685,1.6081509295268503
42,42.24840458813278,0.24840458813277877
40,44.050819713755075,4.050819713755075
44,42.246951680810014,-1.7530483191899862
24,42.16730871163607,18.167308711636068
37,42.44684933737173,5.446849337371731
50,43.732806058901595,-6.267193941098405
50,43.05826373699981,-6.9417362630001875
53,44.207303230442,-8.792696769557999
40,41.769372331047606,1.769372331047606
51,42.263337238994566,-8.736662761005434
47,40.08720113551211,-6.91279886448789
53,42.00801789308204,-10.991982106917959
51,42.88503013979504,-8.114969860204958
42,41.53260659583747,-0.4673934041625287
53,43.29118204753666,-9.708817952463342
48,42.234718186805935,-5.765281813194065
40,43.59318277343199,3.593182773431991
29,40.58521228681828,11.585212286818283
45,43.80283176690338,-1.197168233096619
51,42.94427200472223,-8.05572799527777
39,43.41710523438934,4.417105234389339
40,41.89915693485177,1.8991569348517672
47,42.35069375948371,-4.649306240516289
42,43.224574280358944,1.2245742803589437
22,40.431766865490914,18.431766865490914
47,41.65757560749222,-5.34242439250778
45,42.68529571365221,-2.3147042863477907
52,43.848620828003575,-8.151379171996425
24,43.072554939800135,19.072554939800135
40,44.313947317902525,4.3139473179025245
52,44.20539886995302,-7.794601130046978
50,43.418710395146746,-6.581289604853254
60,43.285348637353366,-16.714651362646634
35,40.3691246320277,5.369124632027699
48,42.36438251114255,-5.635617488857449
52,40.54477359336716,-11.455226406632839
34,45.18871189713639,11.188711897136393
39,42.418002980330336,3.4180029803303356
40,41.97212897189658,1.9721289718965807
57,44.86989807913382,-12.130101920866181
51,43.14014258352266,-7.85985741647734
36,39.667331289298396,3.667331289298396
51,42.261189404891816,-8.738810595108184
60,43.29752421621154,-16.702475783788458
57,44.13610724106888,-12.863892758931122
22,39.374068718407095,17.374068718407095
35,41.997733278201835,6.997733278201835
22,40.0904175191433,18.0904175191433
53,43.39811573066096,-9.601884269339038
47,42.99384527199152,-4.006154728008482
49,40.37344625119585,-8.626553748804149
22,42.701981975756944,20.701981975756944
42,43.824059141590276,1.8240591415902756
49,43.11054238429132,-5.889457615708679
45,43.27261084613089,-1.7273891538691117
22,39.26091858084056,17.26091858084056
40,43.09316525878053,3.0931652587805303
35,42.68032150242021,7.680321502420213
34,41.86141434996476,7.861414349964761
46,41.80151094983771,-4.198489050162287
55,42.37721898878693,-12.622781011213071
29,39.751204295835386,10.751204295835386
52,43.12479372727621,-8.875206272723787
40,41.62062220024197,1.620622200241968
48,40.798075581751505,-7.201924418248495
47,41.39219023812357,-5.607809761876432
54,40.848260220247546,-13.151739779752454
44,42.44065419703521,-1.559345802964792
53,43.59863553671937,-9.401364463280629
60,44.57622236531854,-15.423777634681457
50,43.456071606501595,-6.543928393498405
34,44.165684393338516,10.165684393338516
24,42.85239321598862,18.85239321598862
57,42.31841403606041,-14.68158596393959
40,40.505186670866706,0.5051866708667063
54,42.5736594493697,-11.4263405506303
34,43.701620819463315,9.701620819463315
44,41.776338555092615,-2.2236614449073855
37,39.539601528562436,2.539601528562436
50,43.548266250405845,-6.451733749594155
42,44.39450344249451,2.3945034424945106
60,41.8140597956963,-18.185940204303698
47,43.61237983160814,-3.3876201683918623
34,39.977118166031005,5.977118166031005
51,43.52842341699867,-7.47157658300133
39,42.406538358944445,3.406538358944445
39,40.03344761785736,1.0334476178573624
42,40.885166638929974,-1.1148333610700263
42,41.106572224615014,-0.8934277753849855
47,42.92183057512906,-4.078169424870943
47,41.60891067675617,-5.391089323243833
53,41.62061823012769,-11.37938176987231
22,38.893168739938346,16.893168739938346
22,43.76978628496606,21.76978628496606
42,42.53414410276705,0.5341441027670513
39,43.757062494479,4.757062494479001
43,41.019577039492766,-1.9804229605072337
60,42.541782816497985,-17.458217183502015
42,42.14463925875012,0.14463925875011796
40,43.22621949872864,3.2262194987286392
52,43.54555385860297,-8.454446141397028
48,42.12913817591099,-5.870861824089012
24,43.578211264048285,19.578211264048285
52,41.525564309435254,-10.474435690564746
45,43.89309191515533,-1.1069080848446688
45,40.77684852228186,-4.22315147771814
51,41.79635886250755,-9.203641137492447
47,42.619450314363505,-4.380549685636495
53,41.95883765524197,-11.041162344758028
22,38.25404914881436,16.25404914881436
37,43.94217403655513,6.94217403655513
47,42.14413442363377,-4.855865576366227
53,43.1538731120362,-9.846126887963798
36,43.749990348199994,7.749990348199994
42,42.114872049164305,0.11487204916430471
37,43.40972977276361,6.409729772763612
53,42.90738347514046,-10.092616524859537
47,42.1832794382447,-4.816720561755297
34,40.41361872622729,6.413618726227291
40,39.714432538631144,-0.28556746136885636
44,42.06899142523439,-1.9310085747656132
50,41.92687892859913,-8.07312107140087
22,40.71667826206132,18.716678262061322
22,41.769105836285725,19.769105836285725
40,43.35563761555393,3.355637615553931
44,42.97748294824625,-1.022517051753752
60,43.35832850876179,-16.641671491238213
40,42.120952821066005,2.1209528210660054
51,44.25376562071817,-6.74623437928183
44,42.85968284407368,-1.1403171559263185
34,39.206694671372894,5.206694671372894
44,43.80876169344232,-0.19123830655767904
42,41.283175182428145,-0.7168248175718546
24,38.3928771241866,14.392877124186597
56,42.041488010661084,-13.958511989338916
29,40.87232669679587,11.872326696795866
24,42.851506276307006,18.851506276307006
36,44.45444260711724,8.454442607117237
45,41.0785081399776,-3.9214918600223996
45,43.85187386574713,-1.1481261342528697
42,41.29729784460642,-0.702702155393581
44,42.42756568002133,-1.5724343199786688
43,41.360836810568074,-1.639163189431926
37,42.24680668691811,5.246806686918113
29,39.49890138797456,10.498901387974563
50,43.92859969611737,-6.071400303882633
40,44.79475311357316,4.794753113573158
34,41.73646990241814,7.736469902418143
37,41.666304994774706,4.6663049947747055
22,40.11380022784443,18.11380022784443
60,43.190432407761506,-16.809567592238494
46,43.23477079395842,-2.7652292060415817
50,40.15853011258653,-9.841469887413467
37,40.69667917149538,3.696679171495383
24,40.457925118490394,16.457925118490394
47,43.35361083696597,-3.64638916303403
37,44.60990256672739,7.609902566727392
36,40.116501464554865,4.116501464554865
37,42.189400609935575,5.189400609935575
49,43.94126766936551,-5.058732330634491
43,43.83547763204901,0.8354776320490132
39,44.861062443059964,5.861062443059964
56,41.38981093359286,-14.610189066407138
34,39.857750588463205,5.857750588463205
39,43.713360318929155,4.713360318929155
34,44.5342088740606,10.534208874060603
24,39.59980240054156,15.599802400541563
60,41.998007713161165,-18.001992286838835
52,42.78129863736211,-9.218701362637887
37,41.4413055480239,4.441305548023898
47,43.34467114979274,-3.655328850207262
51,42.992571709322526,-8.007428290677474
51,42.37861702979917,-8.621382970200827
48,41.553699501397155,-6.446300498602845
50,40.830522154164896,-9.169477845835104
56,42.955348931099294,-13.044651068900706
43,44.57666559438905,1.5766655943890484
34,38.90131932235727,4.901319322357267
52,44.86152604862927,-7.138473951370727
52,42.5035818755103,-9.4964181244897
55,45.60571467687365,-9.394285323126347
34,42.00358150731336,8.003581507313363
24,41.330287245560974,17.330287245560974
47,41.27918054937353,-5.720819450626472
52,40.550580251786386,-11.449419748213614
37,41.68056236334947,4.680562363349473
42,44.27714697994218,2.277146979942181
53,43.645872952392615,-9.354127047607385
36,42.43452714100244,6.434527141002441
34,45.286262253137124,11.286262253137124
42,41.836318143823114,-0.16368185617688624
60,43.74292196320124,-16.25707803679876
56,43.40281664922683,-12.597183350773172
42,41.266323600820066,-0.7336763991799344
51,44.54143249439023,-6.458567505609771
29,41.68250157941085,12.682501579410847
46,42.49646471451749,-3.5035352854825135
34,39.621462836594915,5.621462836594915
35,42.09651286379175,7.096512863791752
44,43.414019316446286,-0.5859806835537142
29,41.9214257127628,12.921425712762797
34,42.16703619240643,8.167036192406428
60,42.797150766741424,-17.202849233258576
35,41.24552743074843,6.245527430748432
46,41.741580728109895,-4.258419271890105
49,42.1561829430531,-6.843817056946897
42,42.025411441102364,0.025411441102363597
52,41.94887680142572,-10.051123198574281
50,41.9671552607286,-8.032844739271397
56,43.25602872862407,-12.743971271375933
29,43.196627133828386,14.196627133828386
24,40.35412333301069,16.35412333301069
24,41.567694247126354,17.567694247126354
45,42.40248984083411,-2.5975101591658927
45,42.207267518502135,-2.7927324814978647
22,40.550068698286324,18.550068698286324
51,41.903773294218716,-9.096226705781284
50,42.257187873978886,-7.742812126021114
50,45.28718495755762,-4.712815042442379
43,39.39567790271661,-3.6043220972833865
36,43.05000464981581,7.050004649815811
54,42.21463792336049,-11.785362076639508
37,43.78190610228026,6.78190610228026
52,43.836858346767286,-8.163141653232714
43,42.31464235586509,-0.6853576441349105
43,41.73560105108204,-1.2643989489179575
46,41.16670030228033,-4.833299697719667
37,43.76815539343485,6.768155393434853
42,42.207207530738295,0.20720753073829457
53,42.60769769601794,-10.392302303982063
36,43.133179978105204,7.133179978105204
47,45.15853201082832,-1.841467989171683
43,43.20110349722249,0.20110349722249055
48,41.312735190660646,-6.687264809339354
34,40.719933934906834,6.719933934906834
47,43.75957496060963,-3.2404250393903666
46,43.29073941437541,-2.709260585624591
45,43.01605578401788,-1.9839442159821203
43,41.33229697624413,-1.6677030237558697
42,42.177421318761645,0.17742131876164535
48,44.55236237872514,-3.4476376212748576
24,42.46011765854304,18.46011765854304
52,42.71178000660076,-9.288219993399238
44,42.25708922596253,-1.742910774037469
52,41.583428580972054,-10.416571419027946
29,39.98799878661891,10.98799878661891
24,40.65782756823347,16.657827568233472
40,40.341857768791186,0.34185776879118634
46,41.63789788502561,-4.362102114974391
49,42.39215918957305,-6.60784081042695
57,43.14971541856239,-13.850284581437613
36,41.67577584343684,5.675775843436838
46,43.190125425366205,-2.8098745746337954
29,41.34347295894532,12.34347295894532
48,41.20401153181481,-6.795988468185193
29,40.71163693437735,11.711636934377353
52,43.17593179893807,-8.824068201061927
24,40.81259298492115,16.812592984921153
36,40.81815269700626,4.818152697006262
29,40.307453468477775,11.307453468477775
54,45.01931235732462,-8.980687642675377
46,42.74884061694161,-3.2511593830583934
29,37.74319424406993,8.743194244069933
50,43.014412004214165,-6.985587995785835
53,40.96557056915208,-12.034429430847922
57,43.0326197128409,-13.967380287159102
51,41.266833191005894,-9.733166808994106
29,43.3548705701682,14.354870570168202
35,43.5833745017344,8.583374501734397
52,42.059757217406535,-9.940242782593465
29,39.172883157484215,10.172883157484215
34,44.05840742593167,10.05840742593167
47,43.94632347008269,-3.053676529917311
50,42.47039149639249,-7.529608503607513
42,40.68819314611045,-1.31180685388955
53,41.50281899725063,-11.497181002749372
40,40.74269267782339,0.742692677823392
54,45.1293451128994,-8.8706548871006
24,43.743122246206134,19.743122246206134
39,42.311856818874986,3.311856818874986
39,42.69952766629551,3.699527666295509
37,41.84840304918208,4.848403049182082
40,42.837115934246235,2.837115934246235
35,43.41441038652068,8.414410386520679
37,42.276068440626204,5.276068440626204
29,43.70806554182763,14.70806554182763
22,42.53450722623355,20.53450722623355
49,45.10344410595035,-3.896555894049648
37,40.334476874267,3.334476874266997
40,42.40874837831682,2.4087483783168224
52,42.901170466418236,-9.098829533581764
46,43.58929035635607,-2.4107096436439335
42,45.261214629512125,3.261214629512125
37,43.37299492722334,6.372994927223338
46,40.494329646823545,-5.5056703531764555
24,41.21063357852189,17.210633578521893
48,41.449047235840425,-6.550952764159575
37,44.58440306335313,7.584403063353129
50,45.116704442557456,-4.883295557442544
51,43.284298997223814,-7.715701002776186
34,39.14828315684473,5.148283156844727
37,43.4951100498541,6.495110049854098
40,41.38291339836601,1.3829133983660071
34,42.61811884025884,8.618118840258838
49,42.01835399099746,-6.981646009002539
49,43.528607705674744,-5.4713922943252555
37,42.74787895307788,5.74787895307788
43,43.115930941231596,0.11593094123159631
60,42.411665672896426,-17.588334327103574
22,39.642120842200534,17.642120842200534
36,42.02802582788367,6.028025827883667
36,38.98653433414442,2.986534334144423
37,40.96391362715841,3.963913627158412
46,43.13128902889738,-2.8687109711026224
37,43.452376004509254,6.452376004509254
56,41.25422111978598,-14.745778880214019
36,41.101749266675846,5.101749266675846
52,43.126456355035955,-8.873543644964045
49,43.65825516778158,-5.341744832218417
54,44.29673278913715,-9.703267210862847
53,42.87771438605002,-10.122285613949977
24,44.21070842740453,20.210708427404533
53,42.07972249080251,-10.92027750919749
49,42.23371891505603,-6.766281084943969
